[
  
  {
    "id": 12,
    "itemName": "Manchuria",
    "url": "https://www.mygingergarlickitchen.com/wp-content/uploads/2021/02/gobi-manchurian-recipe-1.jpg?ezimgfmt=rs:870x1305/rscb139/ng:webp/ngcb139",
    "itemPrice": 100,
    "course": "starter"
  },
  {
    "id": 20,
    "itemName": "Tortilla Wrap",
    "url": "https://www.mygingergarlickitchen.com/wp-content/uploads/2021/02/tortilla-wrap-hack-1.jpg?ezimgfmt=rs:870x1305/rscb139/ng:webp/ngcb139",
    "itemPrice": 260,
    "course": "desserts"
  },
  {
    "id": 21,
    "itemName": "Gingerbread Truffles",
    "url": "https://www.mygingergarlickitchen.com/wp-content/uploads/2016/12/recipes-3-Ingredients-No-Bake-Gingerbread-Truffles-anupama-paliwal-my-ginger-garlic-kitchen-7.jpg?ezimgfmt=rs:870x1305/rscb139/ng:webp/ngcb139",
    "itemPrice": 220,
    "course": "desserts"
  },
  {
    "id": 22,
    "itemName": "Veg Schezwan Noodles",
    "url": "https://www.mygingergarlickitchen.com/wp-content/uploads/2017/11/veg-chezwan-noodles-recipe-10.jpg?ezimgfmt=ng:webp/ngcb139",
    "itemPrice": 160,
    "course": "desserts"
  },
  {
    "id": 23,
    "itemName": "Cream Cheese Truffles",
    "url": "https://www.mygingergarlickitchen.com/wp-content/uploads/2021/02/cream-cheese-white-chocolate-truffles-1.jpg",
    "itemPrice": 60,
    "course": "desserts"
  },
  {
    "id": 24,
    "itemName": "Roasted Beet Salad",
    "url": "https://www.mygingergarlickitchen.com/wp-content/uploads/2016/12/recipes-Roasted-Beet-Potato-Holiday-Salad-anupama-paliwal-my-ginger-garlic-kitchen-1.jpg?ezimgfmt=ng:webp/ngcb139",
    "itemPrice": 60,
    "course": "desserts"
  },
  {
    "id": 1,
    "itemName": "Dosa",
    "url": "https://external-content.duckduckgo.com/iu/?u=https%3A%2F%2Ftse4.mm.bing.net%2Fth%3Fid%3DOIP.eGCJ8iRO5X3M7MTJ2fvuuAHaF7%26pid%3DApi&f=1",
    "itemPrice": 20,
    "course": "tiffin"
  },
  {
    "id": 17,
    "itemName": "Peri Peri Chicken",
    "itemPrice": 260,
    "url": "https://www.teaforturmeric.com/wp-content/uploads/2021/02/Peri-Peri-Chicken-10.jpg",
    "course": "desserts"
  },
  {
    "id": 18,
    "itemName": "Gluten Free Naan",
    "itemPrice": 60,
    "url": "https://www.teaforturmeric.com/wp-content/uploads/2018/03/Gluten-Free-Naan-6.jpg",
    "course": "desserts"
  },
  {
    "id": 19,
    "itemName": "Whole Masoor Dal",
    "url": "https://www.teaforturmeric.com/wp-content/uploads/2021/02/Brown-Lentil-Curry-5.jpg",
    "itemPrice": 60,
    "course": "desserts"
  },
  {
    "id": 13,
    "url": "https://external-content.duckduckgo.com/iu/?u=https%3A%2F%2Fwonkywonderful.com%2Fwp-content%2Fuploads%2F2016%2F04%2Fhomemade-sushi-stacks-6.jpg&f=1&nofb=1",
    "itemName": "Sushi",
    "itemPrice": 140,
    "course": "starter"
  },
  {
    "id": 3,
    "itemName": "Biryani",
    "url": "https://external-content.duckduckgo.com/iu/?u=https%3A%2F%2Fwww.teaforturmeric.com%2Fwp-content%2Fuploads%2F2020%2F11%2FPakistani-Chicken-Biryani-2.jpg&f=1&nofb=1",
    "itemPrice": 120,
    "course": "large"
  },
  {
    "id": 14,
    "url": "https://external-content.duckduckgo.com/iu/?u=https%3A%2F%2Ftse2.mm.bing.net%2Fth%3Fid%3DOIP.TAXYykEOvmRky9fe5BwAYwHaLH%26pid%3DApi&f=1",
    "itemName": "Egg Curry",
    "itemPrice": 70,
    "course": "curry"
  },
  {
    "id": 9,
    "itemName": "Stuffed Bajji",
    "itemPrice": 70,
    "url": "https://external-content.duckduckgo.com/iu/?u=https%3A%2F%2Ftse2.mm.bing.net%2Fth%3Fid%3DOIP.lqj8NaAZnYcbhsdfu4oSiQHaHa%26pid%3DApi&f=1",
    "course": "snacks"
  },

  {
    "id": 4,
    "itemName": "Samosa",
    "url": "https://www.whiskaffair.com/wp-content/uploads/2019/10/Samosa-1-1-1200x1800.jpg",
    "itemPrice": 50,
    "course": "starter"
  },
  {
    "id": 5,
    "itemName": "Masala Chai",
    "url": "https://external-content.duckduckgo.com/iu/?u=https%3A%2F%2Fcdn.shopify.com%2Fs%2Ffiles%2F1%2F0267%2F4683%2Fproducts%2Fmasala-chai-tea-loose.jpg%3Fv%3D1571847970&f=1&nofb=1",
    "itemPrice": 30,
    "course": "beverages"
  },
  {
    "id": 6,
    "itemName": "Noodles",
    "url": "https://external-content.duckduckgo.com/iu/?u=https%3A%2F%2Fministryofcurry.com%2Fwp-content%2Fuploads%2F2020%2F04%2Fhakka-noodles-1.jpg&f=1&nofb=1",
    "itemPrice": 120,
    "course": "starter"
  },
  {
    "id": 7,
    "itemName": "Kaju Katli",
    "url": "https://external-content.duckduckgo.com/iu/?u=https%3A%2F%2Fwww.vegrecipesofindia.com%2Fwp-content%2Fuploads%2F2013%2F10%2Fkaju-katli-recipe-1.jpg&f=1&nofb=1",
    "itemPrice": 80,
    "course": "dessert"
  },
  {
    "id": 8,
    "itemName": "Chicken Curry",
    "url": "https://external-content.duckduckgo.com/iu/?u=https%3A%2F%2Fwww.kaluhiskitchen.com%2Fwp-content%2Fuploads%2F2018%2F02%2Fhow-to-make-chicken-curry_easy-chicken-curry-recipe_chicken-curry-recipe-kenya_kaluhiskitchen-recipe_kaluhiskitchen.com_.jpg&f=1&nofb=1",
    "itemPrice": 100,
    "course": "curry"
  },
  {
    "id": 10,
    "itemName": "Kabab",
    "url": "https://external-content.duckduckgo.com/iu/?u=https%3A%2F%2Fcdn.shopify.com%2Fs%2Ffiles%2F1%2F0153%2F6960%2F1088%2Fproducts%2FHalal_Beef_Bihari_Kabab_1200x1800.jpg%3Fv%3D1571777469&f=1&nofb=1",
    "itemPrice": 100,
    "course": "starter"
  },
  {
    "id": 11,
    "itemName": "Gajar ka halwa",
    "url": "https://external-content.duckduckgo.com/iu/?u=https%3A%2F%2Fstatic.toiimg.com%2Fphoto%2Fmsid-72384313%2F72384313.jpg%3F1743050&f=1&nofb=1",
    "itemPrice": 70,
    "course": "desserts"
  },
  {
    "id": 2,
    "itemName": "Gulab Jamun",
    "url": "https://external-content.duckduckgo.com/iu/?u=http%3A%2F%2Fwww.funfoodfrolic.com%2Fwp-content%2Fuploads%2F2013%2F08%2FPaneer-Gulab-Jamun-2.jpg&f=1&nofb=1",
    "itemPrice": 20,
    "course": "dessert"
  },
  {
    "id": 15,
    "itemName": "Fish Curry",
    "url": "https://external-content.duckduckgo.com/iu/?u=https%3A%2F%2Fwildgreensandsardines.com%2Fwp-content%2Fuploads%2F2020%2F03%2FKerala-Fish-Curry_8965.jpg&f=1&nofb=1",
    "itemPrice": 100,
    "course": "curry"
  },
  {
    "id": 16,
    "itemName": "Chicken Pakodi",
    "itemPrice": 120,
    "url": "https://external-content.duckduckgo.com/iu/?u=https%3A%2F%2Ftheflavoursofkitchen.com%2Fwp-content%2Fuploads%2F2020%2F05%2FCrispy-Chicken-Pakoda-1.jpg&f=1&nofb=1",
    "course": "starter"
  }
]
